
{
  "header": {
    "reportVersion": 1,
    "event": "Allocation failed - JavaScript heap out of memory",
    "trigger": "FatalError",
    "filename": "report.20191216.185434.22243.0.001.json",
    "dumpEventTime": "2019-12-16T18:54:34Z",
    "dumpEventTimeStamp": "1576502674916",
    "processId": 22243,
    "cwd": "/home/normsoftware/Desktop/DC_Report/boardgamegeeks",
    "commandLine": [
      "node",
      "/usr/local/bin/expo",
      "start"
    ],
    "nodejsVersion": "v12.8.0",
    "glibcVersionRuntime": "2.23",
    "glibcVersionCompiler": "2.17",
    "wordSize": 64,
    "arch": "x64",
    "platform": "linux",
    "componentVersions": {
      "node": "12.8.0",
      "v8": "7.5.288.22-node.16",
      "uv": "1.30.1",
      "zlib": "1.2.11",
      "brotli": "1.0.7",
      "ares": "1.15.0",
      "modules": "72",
      "nghttp2": "1.39.1",
      "napi": "4",
      "llhttp": "1.1.4",
      "http_parser": "2.8.0",
      "openssl": "1.1.1c",
      "cldr": "35.1",
      "icu": "64.2",
      "tz": "2019a",
      "unicode": "12.1"
    },
    "release": {
      "name": "node",
      "headersUrl": "https://nodejs.org/download/release/v12.8.0/node-v12.8.0-headers.tar.gz",
      "sourceUrl": "https://nodejs.org/download/release/v12.8.0/node-v12.8.0.tar.gz"
    },
    "osName": "Linux",
    "osRelease": "4.15.0-72-generic",
    "osVersion": "#81~16.04.1-Ubuntu SMP Tue Nov 26 16:34:21 UTC 2019",
    "osMachine": "x86_64",
    "cpus": [
      {
        "model": "Intel(R) Core(TM) i3-7100 CPU @ 3.90GHz",
        "speed": 3900,
        "user": 13766200,
        "nice": 39700,
        "sys": 3054500,
        "idle": 133721900,
        "irq": 0
      },
      {
        "model": "Intel(R) Core(TM) i3-7100 CPU @ 3.90GHz",
        "speed": 3900,
        "user": 13919700,
        "nice": 19100,
        "sys": 3083800,
        "idle": 134045900,
        "irq": 0
      },
      {
        "model": "Intel(R) Core(TM) i3-7100 CPU @ 3.90GHz",
        "speed": 3900,
        "user": 13512400,
        "nice": 43500,
        "sys": 3193200,
        "idle": 133964100,
        "irq": 0
      },
      {
        "model": "Intel(R) Core(TM) i3-7100 CPU @ 3.90GHz",
        "speed": 3900,
        "user": 13905800,
        "nice": 61200,
        "sys": 3127200,
        "idle": 129321700,
        "irq": 0
      }
    ],
    "networkInterfaces": [
      {
        "name": "lo",
        "internal": true,
        "mac": "00:00:00:00:00:00",
        "address": "127.0.0.1",
        "netmask": "255.0.0.0",
        "family": "IPv4"
      },
      {
        "name": "enp1s0",
        "internal": false,
        "mac": "e0:d5:5e:03:c6:fc",
        "address": "192.168.10.74",
        "netmask": "255.255.255.0",
        "family": "IPv4"
      },
      {
        "name": "lo",
        "internal": true,
        "mac": "00:00:00:00:00:00",
        "address": "::1",
        "netmask": "ffff:ffff:ffff:ffff:ffff:ffff:ffff:ffff",
        "family": "IPv6",
        "scopeid": 0
      },
      {
        "name": "enp1s0",
        "internal": false,
        "mac": "e0:d5:5e:03:c6:fc",
        "address": "fe80::7693:891:4d3e:1f35",
        "netmask": "ffff:ffff:ffff:ffff::",
        "family": "IPv6",
        "scopeid": 2
      }
    ],
    "host": "Normsoftware"
  },
  "javascriptStack": {
    "message": "No stack.",
    "stack": [
      "Unavailable."
    ]
  },
  "nativeStack": [
    {
      "pc": "0x0000000000ad5b45",
      "symbol": "report::TriggerNodeReport(v8::Isolate*, node::Environment*, char const*, char const*, std::string const&, v8::Local<v8::String>) [node]"
    },
    {
      "pc": "0x00000000009b17b3",
      "symbol": "node::OnFatalError(char const*, char const*) [node]"
    },
    {
      "pc": "0x0000000000b0ee8e",
      "symbol": "v8::Utils::ReportOOMFailure(v8::internal::Isolate*, char const*, bool) [node]"
    },
    {
      "pc": "0x0000000000b0f209",
      "symbol": "v8::internal::V8::FatalProcessOutOfMemory(v8::internal::Isolate*, char const*, bool) [node]"
    },
    {
      "pc": "0x0000000000cec115",
      "symbol": " [node]"
    },
    {
      "pc": "0x0000000000cf795b",
      "symbol": "v8::internal::Heap::PerformGarbageCollection(v8::internal::GarbageCollector, v8::GCCallbackFlags) [node]"
    },
    {
      "pc": "0x0000000000cf8677",
      "symbol": "v8::internal::Heap::CollectGarbage(v8::internal::AllocationSpace, v8::internal::GarbageCollectionReason, v8::GCCallbackFlags) [node]"
    },
    {
      "pc": "0x0000000000cfb1a8",
      "symbol": "v8::internal::Heap::AllocateRawWithRetryOrFail(int, v8::internal::AllocationType, v8::internal::AllocationAlignment) [node]"
    },
    {
      "pc": "0x0000000000cc4ab7",
      "symbol": "v8::internal::Factory::NewFillerObject(int, bool, v8::internal::AllocationType) [node]"
    },
    {
      "pc": "0x0000000000f9b678",
      "symbol": "v8::internal::Runtime_AllocateInYoungGeneration(int, unsigned long*, v8::internal::Isolate*) [node]"
    },
    {
      "pc": "0x000000000131d9b9",
      "symbol": " [node]"
    }
  ],
  "javascriptHeap": {
    "totalMemory": 2155831296,
    "totalCommittedMemory": 2154072368,
    "usedMemory": 2118682448,
    "availableMemory": 52578624,
    "memoryLimit": 2197815296,
    "heapSpaces": {
      "read_only_space": {
        "memorySize": 262144,
        "committedMemory": 32272,
        "capacity": 261832,
        "used": 31960,
        "available": 229872
      },
      "new_space": {
        "memorySize": 10485760,
        "committedMemory": 10166480,
        "capacity": 5236640,
        "used": 823544,
        "available": 4413096
      },
      "old_space": {
        "memorySize": 2129801216,
        "committedMemory": 2128788056,
        "capacity": 2110513536,
        "used": 2109798520,
        "available": 715016
      },
      "code_space": {
        "memorySize": 1212416,
        "committedMemory": 1155680,
        "capacity": 1010048,
        "used": 1010048,
        "available": 0
      },
      "map_space": {
        "memorySize": 9965568,
        "committedMemory": 9825688,
        "capacity": 2982960,
        "used": 2982960,
        "available": 0
      },
      "large_object_space": {
        "memorySize": 4055040,
        "committedMemory": 4055040,
        "capacity": 4031960,
        "used": 4031960,
        "available": 0
      },
      "code_large_object_space": {
        "memorySize": 49152,
        "committedMemory": 49152,
        "capacity": 3456,
        "used": 3456,
        "available": 0
      },
      "new_large_object_space": {
        "memorySize": 0,
        "committedMemory": 0,
        "capacity": 5236640,
        "used": 0,
        "available": 5236640
      }
    }
  },
  "resourceUsage": {
    "userCpuSeconds": 141.399,
    "kernelCpuSeconds": 31.6474,
    "cpuConsumptionPercent": 38.4548,
    "maxRss": 2286899200,
    "pageFaults": {
      "IORequired": 1,
      "IONotRequired": 12877473
    },
    "fsActivity": {
      "reads": 680,
      "writes": 232
    }
  },
  "uvthreadResourceUsage": {
    "userCpuSeconds": 85.6582,
    "kernelCpuSeconds": 27.0818,
    "cpuConsumptionPercent": 25.0533,
    "fsActivity": {
      "reads": 680,
      "writes": 0
    }
  },
  "libuv": [
  ],
  "environmentVariables": {
    "NVM_RC_VERSION": "",
    "XDG_VTNR": "8",
    "DREAL_TECHNO_NAME": "/etc/alliance/cmos.dreal",
    "MANPATH": ":/usr/man:/usr/local/man:/usr/local/share/man:/usr/share/man:/usr/man",
    "VH_PATSFX": "pat",
    "XDG_SESSION_ID": "c3",
    "rvm_bin_path": "/usr/share/rvm/bin",
    "XDG_GREETER_DATA_DIR": "/var/lib/lightdm-data/normsoftware",
    "CLUTTER_IM_MODULE": "xim",
    "SESSION": "ubuntu",
    "NVM_CD_FLAGS": "",
    "ANDROID_HOME": "/home/normsoftware/Android/Sdk",
    "GPG_AGENT_INFO": "/home/normsoftware/.gnupg/S.gpg-agent:0:1",
    "MBK_IN_PH": "ap",
    "TERM": "xterm-256color",
    "XSCH_PARAM_NAME": "/etc/alliance/xsch.par",
    "VTE_VERSION": "4205",
    "XDG_MENU_PREFIX": "gnome-",
    "SHELL": "/bin/bash",
    "DERBY_HOME": "/usr/lib/jvm/java-8-oracle/db",
    "QT_LINUX_ACCESSIBILITY_ALWAYS_ON": "1",
    "VH_MAXERR": "10",
    "WINDOWID": "90177980",
    "UPSTART_SESSION": "unix:abstract=/com/ubuntu/upstart-session/1000/3574",
    "RDS_OUT": "cif",
    "GNOME_KEYRING_CONTROL": "",
    "GTK_MODULES": "gail:atk-bridge:unity-gtk-module",
    "XFSM_PARAM_NAME": "/etc/alliance/xfsm.par",
    "GRAAL_TECHNO_NAME": "/etc/alliance/cmos.graal",
    "ALLIANCE_TOP": "/usr",
    "NVM_DIR": "/home/normsoftware/.nvm",
    "USER": "normsoftware",
    "LS_COLORS": "rs=0:di=01;34:ln=01;36:mh=00:pi=40;33:so=01;35:do=01;35:bd=40;33;01:cd=40;33;01:or=40;31;01:mi=00:su=37;41:sg=30;43:ca=30;41:tw=30;42:ow=34;42:st=37;44:ex=01;32:*.tar=01;31:*.tgz=01;31:*.arc=01;31:*.arj=01;31:*.taz=01;31:*.lha=01;31:*.lz4=01;31:*.lzh=01;31:*.lzma=01;31:*.tlz=01;31:*.txz=01;31:*.tzo=01;31:*.t7z=01;31:*.zip=01;31:*.z=01;31:*.Z=01;31:*.dz=01;31:*.gz=01;31:*.lrz=01;31:*.lz=01;31:*.lzo=01;31:*.xz=01;31:*.bz2=01;31:*.bz=01;31:*.tbz=01;31:*.tbz2=01;31:*.tz=01;31:*.deb=01;31:*.rpm=01;31:*.jar=01;31:*.war=01;31:*.ear=01;31:*.sar=01;31:*.rar=01;31:*.alz=01;31:*.ace=01;31:*.zoo=01;31:*.cpio=01;31:*.7z=01;31:*.rz=01;31:*.cab=01;31:*.jpg=01;35:*.jpeg=01;35:*.gif=01;35:*.bmp=01;35:*.pbm=01;35:*.pgm=01;35:*.ppm=01;35:*.tga=01;35:*.xbm=01;35:*.xpm=01;35:*.tif=01;35:*.tiff=01;35:*.png=01;35:*.svg=01;35:*.svgz=01;35:*.mng=01;35:*.pcx=01;35:*.mov=01;35:*.mpg=01;35:*.mpeg=01;35:*.m2v=01;35:*.mkv=01;35:*.webm=01;35:*.ogm=01;35:*.mp4=01;35:*.m4v=01;35:*.mp4v=01;35:*.vob=01;35:*.qt=01;35:*.nuv=01;35:*.wmv=01;35:*.asf=01;35:*.rm=01;35:*.rmvb=01;35:*.flc=01;35:*.avi=01;35:*.fli=01;35:*.flv=01;35:*.gl=01;35:*.dl=01;35:*.xcf=01;35:*.xwd=01;35:*.yuv=01;35:*.cgm=01;35:*.emf=01;35:*.ogv=01;35:*.ogx=01;35:*.aac=00;36:*.au=00;36:*.flac=00;36:*.m4a=00;36:*.mid=00;36:*.midi=00;36:*.mka=00;36:*.mp3=00;36:*.mpc=00;36:*.ogg=00;36:*.ra=00;36:*.wav=00;36:*.oga=00;36:*.opus=00;36:*.spx=00;36:*.xspf=00;36:",
    "QT_ACCESSIBILITY": "1",
    "LD_LIBRARY_PATH": "/usr/lib:/usr/lib",
    "XDG_SESSION_PATH": "/org/freedesktop/DisplayManager/Session1",
    "rvm_path": "/usr/share/rvm",
    "XDG_SEAT_PATH": "/org/freedesktop/DisplayManager/Seat0",
    "SSH_AUTH_SOCK": "/run/user/1000/keyring/ssh",
    "SESSION_MANAGER": "local/Normsoftware:@/tmp/.ICE-unix/3944,unix/Normsoftware:/tmp/.ICE-unix/3944",
    "DEFAULTS_PATH": "/usr/share/gconf/ubuntu.default.path",
    "XDG_CONFIG_DIRS": "/etc/xdg/xdg-ubuntu:/usr/share/upstart/xdg:/etc/xdg",
    "rvm_prefix": "/usr/share",
    "DESKTOP_SESSION": "ubuntu",
    "PATH": "/home/normsoftware/bin:/home/normsoftware/.local/bin:/home/normsoftware/.rbenv/shims:/home/normsoftware/.rbenv/bin:/usr/bin/node:/home/normsoftware/bin:/home/normsoftware/.local/bin:/usr/local/sbin:/usr/local/bin:/usr/sbin:/usr/bin:/sbin:/bin:/usr/games:/usr/local/games:/usr/bin:/snap/bin:/usr/lib/jvm/java-8-oracle/bin:/usr/lib/jvm/java-8-oracle/db/bin:/usr/lib/jvm/java-8-oracle/jre/bin:/usr/bin:/usr/lib/jvm/java-8-oracle/bin:/usr/lib/jvm/java-8-oracle/db/bin:/usr/lib/jvm/java-8-oracle/jre/bin:/usr/share/rvm/bin:/home/normsoftware/Android/Sdk/tools:/usr/lib/jvm/java-8-oracle/bin",
    "MBK_SCALE_X": "100",
    "QT_IM_MODULE": "ibus",
    "QT_QPA_PLATFORMTHEME": "appmenu-qt5",
    "NVM_NODEJS_ORG_MIRROR": "https://nodejs.org/dist",
    "MBK_CATAL_NAME": "CATAL",
    "XDG_SESSION_TYPE": "x11",
    "PWD": "/home/normsoftware/Desktop/DC_Report/boardgamegeeks",
    "JOB": "dbus",
    "XMODIFIERS": "@im=ibus",
    "JAVA_HOME": "/usr/lib/jvm/java-8-oracle",
    "LANG": "en_IN",
    "MBK_OUT_PH": "ap",
    "GNOME_KEYRING_PID": "",
    "GDM_LANG": "en_US",
    "GENVIEW_TECHNO_NAME": "/etc/alliance/cmos.genview",
    "MANDATORY_PATH": "/usr/share/gconf/ubuntu.mandatory.path",
    "RDS_IN": "cif",
    "MBK_SPI_MODEL": "/etc/alliance/spimodel.cfg",
    "COMPIZ_CONFIG_PROFILE": "ubuntu",
    "IM_CONFIG_PHASE": "1",
    "MBK_OUT_LO": "vst",
    "MBK_VSS": "vss",
    "RBENV_SHELL": "bash",
    "GDMSESSION": "ubuntu",
    "VH_BEHSFX": "vbe",
    "rvm_version": "1.29.9 (manual)",
    "SESSIONTYPE": "gnome-session",
    "GTK2_MODULES": "overlay-scrollbar",
    "SHLVL": "1",
    "HOME": "/home/normsoftware",
    "XDG_SEAT": "seat0",
    "MBK_C4_LIB": "./cellsC4",
    "LANGUAGE": "en_IN:en",
    "MBK_VDD": "vdd",
    "MBK_TARGET_LIB": "/usr/cells/sxlib",
    "GNOME_DESKTOP_SESSION_ID": "this-is-deprecated",
    "RDS_TECHNO_NAME": "/etc/alliance/cmos.rds",
    "VH_DLYSFX": "dly",
    "XDG_SESSION_DESKTOP": "ubuntu",
    "LOGNAME": "normsoftware",
    "DBUS_SESSION_BUS_ADDRESS": "unix:abstract=/tmp/dbus-cmeyBLKBHV",
    "J2SDKDIR": "/usr/lib/jvm/java-8-oracle",
    "XDG_DATA_DIRS": "/home/normsoftware/.local/share/flatpak/exports/share:/var/lib/flatpak/exports/share/:/usr/share/ubuntu:/usr/share/gnome:/home/normsoftware/.local/share/flatpak/exports/share:/var/lib/flatpak/exports/share:/usr/local/share:/usr/share:/var/lib/snapd/desktop:/var/lib/snapd/desktop",
    "QT4_IM_MODULE": "xim",
    "MBK_IN_LO": "vst",
    "LESSOPEN": "| /usr/bin/lesspipe %s",
    "NVM_IOJS_ORG_MIRROR": "https://iojs.org/dist",
    "MBK_WORK_LIB": ".",
    "XPAT_PARAM_NAME": "/etc/alliance/xpat.par",
    "INSTANCE": "",
    "XDG_RUNTIME_DIR": "/run/user/1000",
    "DISPLAY": ":1",
    "XDG_CURRENT_DESKTOP": "Unity",
    "GTK_IM_MODULE": "ibus",
    "J2REDIR": "/usr/lib/jvm/java-8-oracle/jre",
    "LESSCLOSE": "/usr/bin/lesspipe %s %s",
    "ELP_TECHNO_NAME": "/etc/alliance/prol.elp",
    "MBK_CATA_LIB": ".:/usr/cells/sxlib:/usr/cells/dp_sxlib:/usr/cells/rflib:/usr/cells/rf2lib:/usr/cells/ramlib:/usr/cells/romlib:/usr/cells/pxlib:/usr/cells/padlib",
    "XAUTHORITY": "/home/normsoftware/.Xauthority",
    "_": "/usr/local/bin/expo"
  },
  "userLimits": {
    "core_file_size_blocks": {
      "soft": 0,
      "hard": "unlimited"
    },
    "data_seg_size_kbytes": {
      "soft": "unlimited",
      "hard": "unlimited"
    },
    "file_size_blocks": {
      "soft": "unlimited",
      "hard": "unlimited"
    },
    "max_locked_memory_bytes": {
      "soft": 65536,
      "hard": 65536
    },
    "max_memory_size_kbytes": {
      "soft": "unlimited",
      "hard": "unlimited"
    },
    "open_files": {
      "soft": 1048576,
      "hard": 1048576
    },
    "stack_size_bytes": {
      "soft": 8388608,
      "hard": "unlimited"
    },
    "cpu_time_seconds": {
      "soft": "unlimited",
      "hard": "unlimited"
    },
    "max_user_processes": {
      "soft": 30843,
      "hard": 30843
    },
    "virtual_memory_kbytes": {
      "soft": "unlimited",
      "hard": "unlimited"
    }
  },
  "sharedObjects": [
    "/lib/x86_64-linux-gnu/libdl.so.2",
    "/lib/x86_64-linux-gnu/librt.so.1",
    "/usr/lib/x86_64-linux-gnu/libstdc++.so.6",
    "/lib/x86_64-linux-gnu/libm.so.6",
    "/lib/x86_64-linux-gnu/libgcc_s.so.1",
    "/lib/x86_64-linux-gnu/libpthread.so.0",
    "/lib/x86_64-linux-gnu/libc.so.6",
    "/lib64/ld-linux-x86-64.so.2",
    "/lib/x86_64-linux-gnu/libnss_files.so.2",
    "/lib/x86_64-linux-gnu/libnss_mdns4_minimal.so.2",
    "/lib/x86_64-linux-gnu/libnss_dns.so.2",
    "/lib/x86_64-linux-gnu/libresolv.so.2"
  ]
}